{"count": 2164621, "summaries": [{"id": "", "name": "consol/omd-labs-centos", "slug": "consol/omd-labs-centos", "type": "image", "publisher": {"id": "9cc8800474c011e4bea40242ac11001b", "name": "consol"}, "created_at": "2016-09-20T08:25:13.392885Z", "updated_at": "2019-04-12T04:39:12.017985Z", "short_description": "OMD Labs (Centos) - Open Monitoring Distribution \"labs\" edition (https://labs.consol.de/omd/)", "source": "community", "popularity": 0, "categories": null, "operating_systems": [{"name": "linux", "label": "Linux"}], "architectures": [{"name": "amd64", "label": "x86-64"}], "logo_url": {"large": "", "small": ""}, "certification_status": "not_certified", "star_count": 4, "pull_count": "10K+", "filter_type": "community"}, {"id": "", "name": "jlamb6/test", "slug": "jlamb6/test", "type": "image", "publisher": {"id": "1451479844ff4f89a3234f861d0f8282", "name": "jlamb6"}, "created_at": "2019-04-12T04:38:42.389389Z", "updated_at": "2019-04-12T04:38:42.389389Z", "short_description": "this is a test", "source": "community", "popularity": 0, "categories": null, "operating_systems": [], "architectures": [], "logo_url": {"large": "", "small": ""}, "certification_status": "not_certified", "star_count": 0, "pull_count": "0", "filter_type": "community"}, {"id": "", "name": "mitgcm/testreport-images", "slug": "mitgcm/testreport-images", "type": "image", "publisher": {"id": "98db64e5bca045cd806986eefdce2f18", "name": "mitgcm"}, "created_at": "2017-07-03T16:34:42.520545Z", "updated_at": "2019-04-12T04:38:29.568684Z", "short_description": "Images for running CI testing", "source": "community", "popularity": 0, "categories": null, "operating_systems": [{"name": "linux", "label": "Linux"}], "architectures": [{"name": "amd64", "label": "x86-64"}], "logo_url": {"large": "", "small": ""}, "certification_status": "not_certified", "star_count": 1, "pull_count": "10K+", "filter_type": "community"}, {"id": "", "name": "consol/omd-labs-ubuntu", "slug": "consol/omd-labs-ubuntu", "type": "image", "publisher": {"id": "9cc8800474c011e4bea40242ac11001b", "name": "consol"}, "created_at": "2016-09-20T08:21:46.734481Z", "updated_at": "2019-04-12T04:38:28.154076Z", "short_description": "OMD Labs (Ubuntu) - Open Monitoring Distribution \"labs\" edition (https://labs.consol.de/omd/)", "source": "community", "popularity": 0, "categories": null, "operating_systems": [{"name": "linux", "label": "Linux"}], "architectures": [{"name": "amd64", "label": "x86-64"}], "logo_url": {"large": "", "small": ""}, "certification_status": "not_certified", "star_count": 6, "pull_count": "6.3K", "filter_type": "community"}, {"id": "", "name": "extremeshok/php", "slug": "extremeshok/php", "type": "image", "publisher": {"id": "7ba5c3066ef2409e8dbb5ad277b91a81", "name": "extremeshok"}, "created_at": "2019-03-22T02:39:38.156703Z", "updated_at": "2019-04-12T04:38:26.787792Z", "short_description": "alpine + php-fpm + extensions + extras", "source": "community", "popularity": 0, "categories": null, "operating_systems": [{"name": "linux", "label": "Linux"}], "architectures": [{"name": "amd64", "label": "x86-64"}], "logo_url": {"large": "", "small": ""}, "certification_status": "not_certified", "star_count": 0, "pull_count": "5.4K", "filter_type": "community"}, {"id": "", "name": "lambci/lambda", "slug": "lambci/lambda", "type": "image", "publisher": {"id": "aea96613e8c54d8f9cb2ae4ba6431958", "name": "lambci"}, "created_at": "2016-05-26T03:08:35.595204Z", "updated_at": "2019-04-12T04:38:10.534332Z", "short_description": "Images that (very closely) mimic the live AWS Lambda environment", "source": "community", "popularity": 0, "categories": null, "operating_systems": [{"name": "linux", "label": "Linux"}], "architectures": [{"name": "amd64", "label": "x86-64"}], "logo_url": {"large": "", "small": ""}, "certification_status": "not_certified", "star_count": 161, "pull_count": "10M+", "filter_type": "community"}, {"id": "", "name": "quetzacoalt/docker-internal-images", "slug": "quetzacoalt/docker-internal-images", "type": "image", "publisher": {"id": "6167767218d34fa69b041de36cc1b054", "name": "quetzacoalt"}, "created_at": "2016-07-12T09:26:51.925591Z", "updated_at": "2019-04-12T04:38:08.045785Z", "short_description": "Preinstalled PrestaShop images for ModuleAutomator & MachineShuffle", "source": "community", "popularity": 0, "categories": null, "operating_systems": [{"name": "linux", "label": "Linux"}], "architectures": [{"name": "amd64", "label": "x86-64"}], "logo_url": {"large": "", "small": ""}, "certification_status": "not_certified", "star_count": 0, "pull_count": "50K+", "filter_type": "community"}, {"id": "", "name": "magicalion/celery-app", "slug": "magicalion/celery-app", "type": "image", "publisher": {"id": "77e5b6eee965404386c671aeb096d3fb", "name": "magicalion"}, "created_at": "2018-09-20T06:07:24.3842Z", "updated_at": "2019-04-12T04:38:04.098126Z", "short_description": "1", "source": "community", "popularity": 0, "categories": null, "operating_systems": [{"name": "linux", "label": "Linux"}], "architectures": [{"name": "amd64", "label": "x86-64"}], "logo_url": {"large": "", "small": ""}, "certification_status": "not_certified", "star_count": 0, "pull_count": "3.4K", "filter_type": "community"}, {"id": "", "name": "tparkerusgs/avoviirsprocessor", "slug": "tparkerusgs/avoviirsprocessor", "type": "image", "publisher": {"id": "98667d32cac9469691522ad5a3c23ebc", "name": "tparkerusgs"}, "created_at": "2019-04-06T18:05:05.902659Z", "updated_at": "2019-04-12T04:38:01.073398Z", "short_description": "", "source": "community", "popularity": 0, "categories": null, "operating_systems": [{"name": "linux", "label": "Linux"}], "architectures": [{"name": "amd64", "label": "x86-64"}], "logo_url": {"large": "", "small": ""}, "certification_status": "not_certified", "star_count": 0, "pull_count": "189", "filter_type": "community"}, {"id": "", "name": "ledermann/docker-react", "slug": "ledermann/docker-react", "type": "image", "publisher": {"id": "95ffc6ec74c011e4bea40242ac11001b", "name": "ledermann"}, "created_at": "2018-02-28T07:11:02.923172Z", "updated_at": "2019-04-12T04:37:59.228694Z", "short_description": "Frontend for DockerRails, built with React", "source": "community", "popularity": 0, "categories": null, "operating_systems": [{"name": "linux", "label": "Linux"}], "architectures": [{"name": "amd64", "label": "x86-64"}], "logo_url": {"large": "", "small": ""}, "certification_status": "not_certified", "star_count": 1, "pull_count": "10K+", "filter_type": "community"}, {"id": "", "name": "codeontap/gen3", "slug": "codeontap/gen3", "type": "image", "publisher": {"id": "f62b23e3f8704d3ab828ea3f6a3ad2f7", "name": "codeontap"}, "created_at": "2019-02-07T04:24:20.384688Z", "updated_at": "2019-04-12T04:37:47.944702Z", "short_description": "CodeOnTap Container for automation services", "source": "community", "popularity": 0, "categories": null, "operating_systems": [{"name": "linux", "label": "Linux"}], "architectures": [{"name": "amd64", "label": "x86-64"}], "logo_url": {"large": "", "small": ""}, "certification_status": "not_certified", "star_count": 0, "pull_count": "2.5K", "filter_type": "community"}, {"id": "", "name": "melat0nin/jsalv_app", "slug": "melat0nin/jsalv_app", "type": "image", "publisher": {"id": "1419e7715fa145a7a522d2ff6e3462fe", "name": "melat0nin"}, "created_at": "2019-03-23T15:08:59.04566Z", "updated_at": "2019-04-12T04:37:38.321216Z", "short_description": "App for jsalv.com.", "source": "community", "popularity": 0, "categories": null, "operating_systems": [{"name": "linux", "label": "Linux"}], "architectures": [{"name": "amd64", "label": "x86-64"}], "logo_url": {"large": "", "small": ""}, "certification_status": "not_certified", "star_count": 0, "pull_count": "18", "filter_type": "community"}, {"id": "", "name": "pryorda/docker-waf", "slug": "pryorda/docker-waf", "type": "image", "publisher": {"id": "0d8e834274c111e4bea40242ac11001b", "name": "pryorda"}, "created_at": "2019-04-12T04:26:11.84444Z", "updated_at": "2019-04-12T04:37:29.689384Z", "short_description": "", "source": "community", "popularity": 0, "categories": null, "operating_systems": [{"name": "linux", "label": "Linux"}], "architectures": [{"name": "amd64", "label": "x86-64"}], "logo_url": {"large": "", "small": ""}, "certification_status": "not_certified", "star_count": 0, "pull_count": "1", "filter_type": "community"}, {"id": "", "name": "suckowbiz/tor", "slug": "suckowbiz/tor", "type": "image", "publisher": {"id": "a0b5a1b6a9b8411e9e6368ab0f72ce67", "name": "suckowbiz"}, "created_at": "2017-09-20T18:42:02.628215Z", "updated_at": "2019-04-12T04:37:27.186957Z", "short_description": "Tor proxy.", "source": "community", "popularity": 0, "categories": null, "operating_systems": [{"name": "linux", "label": "Linux"}], "architectures": [{"name": "amd64", "label": "x86-64"}], "logo_url": {"large": "", "small": ""}, "certification_status": "not_certified", "star_count": 0, "pull_count": "2.9K", "filter_type": "community"}, {"id": "", "name": "skycoin/skycoindev-cli", "slug": "skycoin/skycoindev-cli", "type": "image", "publisher": {"id": "960d84d85f7149f4b24eeb5c462b471f", "name": "skycoin"}, "created_at": "2018-05-14T18:27:18.7769Z", "updated_at": "2019-04-12T04:37:23.395118Z", "short_description": "Docker image to setup an Skycoin CLI development environment.", "source": "community", "popularity": 0, "categories": null, "operating_systems": [{"name": "linux", "label": "Linux"}], "architectures": [{"name": "amd64", "label": "x86-64"}], "logo_url": {"large": "", "small": ""}, "certification_status": "not_certified", "star_count": 0, "pull_count": "2.3K", "filter_type": "community"}, {"id": "", "name": "tozd/nginx-mailer", "slug": "tozd/nginx-mailer", "type": "image", "publisher": {"id": "9b2bf03aedcd4828815f8ee54979b16b", "name": "tozd"}, "created_at": "2016-05-01T22:18:56.246455Z", "updated_at": "2019-04-12T04:37:18.473997Z", "short_description": "Nginx Docker image with a simple mailer.", "source": "community", "popularity": 0, "categories": null, "operating_systems": [{"name": "linux", "label": "Linux"}], "architectures": [{"name": "amd64", "label": "x86-64"}], "logo_url": {"large": "", "small": ""}, "certification_status": "not_certified", "star_count": 0, "pull_count": "8.6K", "filter_type": "community"}, {"id": "", "name": "opensuse/portus", "slug": "opensuse/portus", "type": "image", "publisher": {"id": "535a7a6274c011e4bea40242ac11001b", "name": "opensuse"}, "created_at": "2018-06-07T11:37:55.871199Z", "updated_at": "2019-04-12T04:37:08.724772Z", "short_description": "Authorization service and frontend for Docker registry (v2)", "source": "community", "popularity": 0, "categories": null, "operating_systems": [{"name": "linux", "label": "Linux"}], "architectures": [{"name": "amd64", "label": "x86-64"}], "logo_url": {"large": "", "small": ""}, "certification_status": "not_certified", "star_count": 40, "pull_count": "1M+", "filter_type": "community"}, {"id": "", "name": "ad1619/skip", "slug": "ad1619/skip", "type": "image", "publisher": {"id": "4ebb035d1d2544ce9b3c2e8d8ea256f4", "name": "ad1619"}, "created_at": "2019-04-12T04:36:27.033996Z", "updated_at": "2019-04-12T04:36:27.033996Z", "short_description": "", "source": "community", "popularity": 0, "categories": null, "operating_systems": [], "architectures": [], "logo_url": {"large": "", "small": ""}, "certification_status": "not_certified", "star_count": 0, "pull_count": "0", "filter_type": "community"}, {"id": "", "name": "bitnami/kibana", "slug": "bitnami/kibana", "type": "image", "publisher": {"id": "d028386af9cc44c28214360d7c682d8a", "name": "bitnami"}, "created_at": "2016-08-30T16:18:42.615424Z", "updated_at": "2019-04-12T04:36:13.704792Z", "short_description": "Bitnami Docker Image for Kibana!", "source": "community", "popularity": 0, "categories": null, "operating_systems": [{"name": "", "label": ""}, {"name": "linux", "label": "Linux"}], "architectures": [{"name": "amd64", "label": "x86-64"}], "logo_url": {"large": "", "small": ""}, "certification_status": "not_certified", "star_count": 11, "pull_count": "100K+", "filter_type": "community"}, {"id": "", "name": "sbarbereau/django-defectdojo", "slug": "sbarbereau/django-defectdojo", "type": "image", "publisher": {"id": "6b4f851313f84285af133c6fcb98eb8d", "name": "sbarbereau"}, "created_at": "2019-02-07T22:22:31.020081Z", "updated_at": "2019-04-12T04:36:10.492334Z", "short_description": "django-DefectDojo build on dev", "source": "community", "popularity": 0, "categories": null, "operating_systems": [{"name": "linux", "label": "Linux"}], "architectures": [{"name": "amd64", "label": "x86-64"}], "logo_url": {"large": "", "small": ""}, "certification_status": "not_certified", "star_count": 0, "pull_count": "73", "filter_type": "community"}, {"id": "", "name": "ornladios/adios2-auto", "slug": "ornladios/adios2-auto", "type": "image", "publisher": {"id": "7f121a42c6524e62bbb41ac214617db7", "name": "ornladios"}, "created_at": "2018-05-08T17:35:00.723345Z", "updated_at": "2019-04-12T04:36:03.57377Z", "short_description": "Automated builds of the ADIOS2 CI Images", "source": "community", "popularity": 0, "categories": null, "operating_systems": [{"name": "linux", "label": "Linux"}], "architectures": [{"name": "amd64", "label": "x86-64"}], "logo_url": {"large": "", "small": ""}, "certification_status": "not_certified", "star_count": 0, "pull_count": "10K+", "filter_type": "community"}, {"id": "", "name": "zhenghaibo2019/mydevops", "slug": "zhenghaibo2019/mydevops", "type": "image", "publisher": {"id": "dce0124518fb464cb2e7e77f68b505bf", "name": "zhenghaibo2019"}, "created_at": "2019-04-12T04:36:02.912291Z", "updated_at": "2019-04-12T04:36:02.912291Z", "short_description": "", "source": "community", "popularity": 0, "categories": null, "operating_systems": [], "architectures": [], "logo_url": {"large": "", "small": ""}, "certification_status": "not_certified", "star_count": 0, "pull_count": "0", "filter_type": "community"}, {"id": "", "name": "toasterlint/php-apache-mysql", "slug": "toasterlint/php-apache-mysql", "type": "image", "publisher": {"id": "1e6afc40505849fdb27aee186c544fe7", "name": "toasterlint"}, "created_at": "2018-02-13T14:20:41.505405Z", "updated_at": "2019-04-12T04:35:50.562546Z", "short_description": "PHP Apache image with MySQL PHP extension installed", "source": "community", "popularity": 0, "categories": null, "operating_systems": [{"name": "linux", "label": "Linux"}], "architectures": [{"name": "amd64", "label": "x86-64"}], "logo_url": {"large": "", "small": ""}, "certification_status": "not_certified", "star_count": 2, "pull_count": "5.8K", "filter_type": "community"}, {"id": "", "name": "jakzal/phpqa", "slug": "jakzal/phpqa", "type": "image", "publisher": {"id": "24569decaeb740b59dca898e91454992", "name": "jakzal"}, "created_at": "2017-07-13T21:23:42.29628Z", "updated_at": "2019-04-12T04:35:37.95231Z", "short_description": "Docker image with quality analysis tools for PHP.", "source": "community", "popularity": 0, "categories": null, "operating_systems": [{"name": "linux", "label": "Linux"}], "architectures": [{"name": "amd64", "label": "x86-64"}], "logo_url": {"large": "", "small": ""}, "certification_status": "not_certified", "star_count": 23, "pull_count": "100K+", "filter_type": "community"}, {"id": "", "name": "codeneko/jenkins-with-docker", "slug": "codeneko/jenkins-with-docker", "type": "image", "publisher": {"id": "f8cabc3764c84070ae903c94649c6621", "name": "codeneko"}, "created_at": "2017-11-14T02:33:20.325409Z", "updated_at": "2019-04-12T04:35:32.965746Z", "short_description": "Uses the Jenkins Docker Image, adds Docker CE, and sets up for use with CoreOS.", "source": "community", "popularity": 0, "categories": null, "operating_systems": [{"name": "linux", "label": "Linux"}], "architectures": [{"name": "amd64", "label": "x86-64"}], "logo_url": {"large": "", "small": ""}, "certification_status": "not_certified", "star_count": 0, "pull_count": "10K+", "filter_type": "community"}]}